[
    {
        "id": "user-service",
        "order": 0,
        "predicates": [
            {
                "args": {
                    "pattern": "/api/users/**"
                },
                "name": "Path"
            }
        ],
        "filters": [
            {
                "name": "StripPrefix",
                "args": {
                    "parts": 1
                }
            }
        ],
        "uri": "lb://user-service"
    },
    {
        "id": "content-service",
        "order": 0,
        "predicates": [
            {
                "args": {
                    "pattern": "/api/shares/**"
                },
                "name": "Path"
            }
        ],
        "filters": [
            {
                "name": "StripPrefix",
                "args": {
                    "parts": 1
                }
            }
        ],
        "uri": "lb://content-service"
    },
    {
        "id": "file-service",
        "order": 0,
        "predicates": [
            {
                "args": {
                    "pattern": "/api/file/**"
                },
                "name": "Path"
            }
        ],
        "filters": [
            {
                "name": "StripPrefix",
                "args": {
                    "parts": 1
                }
            }
        ],
        "uri": "lb://file-service"
    }
]